{
    "__comment": "Model generated using MrCrayfish's Model Creator (http://mrcrayfish.com/modelcreator/)",
    "textures": {
        "0": "blocks/planks_oak",
        "1": "blocks/crafting_table_top"
    },
    "elements": [
        {
            "name": "Cube",
            "from": [ 0.0, 0.0, 0.0 ], 
            "to": [ 3.0, 11.0, 3.0 ], 
            "faces": {
                "north": { "texture": "#0", "uv": [ 0.0, 3.0, 3.0, 14.0 ] },
                "east": { "texture": "#0", "uv": [ 0.0, 3.0, 3.0, 14.0 ] },
                "south": { "texture": "#0", "uv": [ 0.0, 3.0, 3.0, 14.0 ] },
                "west": { "texture": "#0", "uv": [ 0.0, 3.0, 3.0, 14.0 ] },
                "up": { "texture": "#0", "uv": [ 0.0, 0.0, 3.0, 3.0 ] },
                "down": { "texture": "#0", "uv": [ 0.0, 0.0, 3.0, 3.0 ] }
            }
        },
        {
            "name": "Cube",
            "from": [ 0.0, 0.0, 13.0 ], 
            "to": [ 3.0, 11.0, 16.0 ], 
            "faces": {
                "north": { "texture": "#0", "uv": [ 0.0, 3.0, 3.0, 14.0 ] },
                "east": { "texture": "#0", "uv": [ 0.0, 3.0, 3.0, 14.0 ] },
                "south": { "texture": "#0", "uv": [ 0.0, 3.0, 3.0, 14.0 ] },
                "west": { "texture": "#0", "uv": [ 0.0, 3.0, 3.0, 14.0 ] },
                "up": { "texture": "#0", "uv": [ 0.0, 0.0, 3.0, 3.0 ] },
                "down": { "texture": "#0", "uv": [ 0.0, 0.0, 3.0, 3.0 ] }
            }
        },
        {
            "name": "Cube",
            "from": [ 13.0, 0.0, 13.0 ], 
            "to": [ 16.0, 11.0, 16.0 ], 
            "faces": {
                "north": { "texture": "#0", "uv": [ 0.0, 3.0, 3.0, 14.0 ] },
                "east": { "texture": "#0", "uv": [ 0.0, 3.0, 3.0, 14.0 ] },
                "south": { "texture": "#0", "uv": [ 0.0, 3.0, 3.0, 14.0 ] },
                "west": { "texture": "#0", "uv": [ 0.0, 3.0, 3.0, 14.0 ] },
                "up": { "texture": "#0", "uv": [ 0.0, 0.0, 3.0, 3.0 ] },
                "down": { "texture": "#0", "uv": [ 0.0, 0.0, 3.0, 3.0 ] }
            }
        },
        {
            "name": "Cube",
            "from": [ 13.0, 0.0, 0.0 ], 
            "to": [ 16.0, 11.0, 3.0 ], 
            "faces": {
                "north": { "texture": "#0", "uv": [ 0.0, 3.0, 3.0, 14.0 ] },
                "east": { "texture": "#0", "uv": [ 0.0, 3.0, 3.0, 14.0 ] },
                "south": { "texture": "#0", "uv": [ 0.0, 3.0, 3.0, 14.0 ] },
                "west": { "texture": "#0", "uv": [ 0.0, 3.0, 3.0, 14.0 ] },
                "up": { "texture": "#0", "uv": [ 0.0, 0.0, 3.0, 3.0 ] },
                "down": { "texture": "#0", "uv": [ 0.0, 0.0, 3.0, 3.0 ] }
            }
        },
        {
            "name": "Cube",
            "from": [ 0.0, 11.0, 0.0 ], 
            "to": [ 16.0, 14.0, 16.0 ], 
            "faces": {
                "north": { "texture": "#0", "uv": [ 0.0, 0.0, 16.0, 3.0 ] },
                "east": { "texture": "#0", "uv": [ 0.0, 0.0, 16.0, 3.0 ] },
                "south": { "texture": "#0", "uv": [ 0.0, 0.0, 16.0, 3.0 ] },
                "west": { "texture": "#0", "uv": [ 0.0, 0.0, 16.0, 3.0 ] },
                "up": { "texture": "#1", "uv": [ 0.0, 0.0, 16.0, 16.0 ] },
                "down": { "texture": "#0", "uv": [ 0.0, 0.0, 16.0, 16.0 ] }
            }
        }
    ]
}